idBusRoute;co;route;orig_tc;orig_en;dest_tc;dest_en;orig_Sc;dest_Sc;data_timestamp;modify_datetime
1;NWFB;101;堅尼地城;Kennedy Town;觀塘 (裕民坊);Kwun Tong (Yue Man Square);坚尼地城;观塘 (裕民坊);2019-11-07T05:00:02+08:00;2019-11-07 09:47:43;
2;NWFB;101R;跑馬地馬場;Happy Valley Racecourse;觀塘 (裕民坊);Kwun Tong (Yue Man Square);跑马地马场;观塘 (裕民坊);2019-11-07T05:00:02+08:00;2019-11-07 09:47:47;
3;NWFB;101X;堅尼地城;Kennedy Town;觀塘 (裕民坊);Kwun Tong (Yue Man Square);坚尼地城;观塘 (裕民坊);2019-11-07T05:00:02+08:00;2019-11-07 09:47:48;
4;NWFB;102R;跑馬地馬場;Happy Valley Racecourse;美孚;Mei Foo;跑马地马场;美孚;2019-11-07T05:00:02+08:00;2019-11-07 09:47:50;
5;NWFB;104;堅尼地城;Kennedy Town;白田邨;Pak Tin Estate;坚尼地城;白田邨;2019-11-07T05:00:02+08:00;2019-11-07 09:47:52;
6;NWFB;104R;中環碼頭;Central (Ferry Piers);旺角;Mong Kok;中环码头;旺角;2019-11-07T05:00:02+08:00;2019-11-07 09:47:55;
7;NWFB;105R;灣仔 (會展新翼);Wan Chai (HKCEC Extension);美孚;Mei Foo;湾仔 (会展新翼);美孚;2019-11-07T05:00:02+08:00;2019-11-07 09:47:56;
8;NWFB;106;小西灣 (藍灣半島);Siu Sai Wan (Island Resort);黃大仙;Wong Tai Sin;小西湾 (蓝湾半岛);黄大仙;2019-11-07T05:00:02+08:00;2019-11-07 09:47:57;
9;NWFB;106A;黃大仙;Wong Tai Sin;太古 (康怡廣場);Taikoo (Kornhill Plaza);黄大仙;太古 (康怡广场);2019-11-07T05:00:02+08:00;2019-11-07 09:48:01;
10;NWFB;106P;小西灣 (藍灣半島);Siu Sai Wan (Island Resort);黃大仙;Wong Tai Sin;小西湾 (蓝湾半岛);黄大仙;2019-11-07T05:00:02+08:00;2019-11-07 09:48:02;
11;NWFB;109;中環 (港澳碼頭);Central (Macau Ferry);何文田邨;Ho Man Tin Estate;中环 (港澳码头);何文田邨;2019-11-07T05:00:02+08:00;2019-11-07 09:48:05;
12;NWFB;110;筲箕灣;Shau Kei Wan;尖沙咀 (麼地道);Tsim Sha Tsui (Mody Road);筲箕湾;尖沙咀 (么地道);2019-11-07T05:00:02+08:00;2019-11-07 09:48:08;
13;NWFB;111;中環 (港澳碼頭);Central (Macau Ferry);坪石邨;Ping Shek Estate;中环 (港澳码头);坪石邨;2019-11-07T05:00:02+08:00;2019-11-07 09:48:10;
14;NWFB;111P;彩福邨;Choi Fook Estate;中環 (港澳碼頭);Central (Macau Ferry);彩福邨;中环 (港澳码头);2019-11-07T05:00:02+08:00;2019-11-07 09:48:12;
15;NWFB;111R;灣仔 (會展新翼);Wan Chai (HKCEC Extension);觀塘 (裕民坊);Kwun Tong (Yue Man Square);湾仔 (会展新翼);观塘 (裕民坊);2019-11-07T05:00:02+08:00;2019-11-07 09:48:14;
16;NWFB;112;北角 (百福道);North Point (Pak Fuk Road);蘇屋邨;So Uk Estate;北角 (百福道);苏屋邨;2019-11-07T05:00:02+08:00;2019-11-07 09:48:15;
17;NWFB;113;堅尼地城 (卑路乍灣);Kennedy Town (Belcher Bay);彩虹;Choi Hung;坚尼地城 (卑路乍湾);彩虹;2019-11-07T05:00:02+08:00;2019-11-07 09:48:18;
18;NWFB;115;中環 (港澳碼頭);Central (Macau Ferry);九龍城碼頭;Kowloon City Ferry Pier;中环 (港澳码头);九龙城码头;2019-11-07T05:00:02+08:00;2019-11-07 09:48:21;
19;NWFB;115P;海逸豪園;Laguna Verde;中環 (港澳碼頭);Central (Macau Ferry);海逸豪园;中环 (港澳码头);2019-11-07T05:00:02+08:00;2019-11-07 09:48:22;
20;NWFB;116;鰂魚涌 (祐民街);Quarry Bay (Yau Man Street);慈雲山 (中);Tsz Wan Shan (Central);鲗鱼涌 (祐民街);慈云山 (中);2019-11-07T05:00:02+08:00;2019-11-07 09:48:24;
21;NWFB;13;中環 (大會堂);Central (City Hall);旭龢道 (半山區);Kotewall Road (Mid-levels);中环 (大会堂);旭龢道 (半山区);2019-11-07T05:00:02+08:00;2019-11-07 09:48:27;
22;NWFB;14;嘉亨灣;Grand Promenade;赤柱炮台 (閘口)／馬坑;Stanley Fort (Gate) / Ma Hang;嘉亨湾;赤柱炮台 (闸口)／马坑;2019-11-07T05:00:02+08:00;2019-11-07 09:48:29;
23;NWFB;15;中環 (5 號碼頭);Central (Pier 5);山頂;The Peak;中环 (5 号码头);山顶;2019-11-07T05:00:02+08:00;2019-11-07 09:48:33;
24;NWFB;15B;灣仔 (會展新翼);Wan Chai (HKCEC Extension);山頂;The Peak;湾仔 (会展新翼);山顶;2019-11-07T05:00:02+08:00;2019-11-07 09:48:36;
25;NWFB;15C;中環 (天星碼頭);Central (Star Ferry);花園道 (山頂纜車總站);Garden Road (Lower Peak Tram Station);中环 (天星码头);花园道 (山顶缆车总站);2019-11-07T05:00:02+08:00;2019-11-07 09:48:38;
26;NWFB;15R;海洋公園;Ocean Park;山頂;The Peak;海洋公园;山顶;2019-11-07T05:00:02+08:00;2019-11-07 09:48:39;
27;NWFB;15X;天后;Tin Hau;山頂;The Peak;天后;山顶;2019-11-07T05:00:02+08:00;2019-11-07 09:48:40;
28;NWFB;18;北角 (健康中街);North Point (Healthy Street Central);上環;Sheung Wan;北角 (健康中街);上环;2019-11-07T05:00:02+08:00;2019-11-07 09:48:41;
29;NWFB;18P;堅尼地城 (卑路乍灣);Kennedy Town (Belcher Bay);北角 (健康中街);North Point (Healthy Street Central);坚尼地城 (卑路乍湾);北角 (健康中街);2019-11-07T05:00:02+08:00;2019-11-07 09:48:43;
30;NWFB;18X;筲箕灣／柴灣站;Shau Kei Wan / Chai Wan Station;堅尼地城 (卑路乍灣);Kennedy Town (Belcher Bay);筲箕湾／柴湾站;坚尼地城 (卑路乍湾);2019-11-07T05:00:02+08:00;2019-11-07 09:48:46;
31;NWFB;2;嘉亨灣;Grand Promenade;中環 (港澳碼頭);Central (Macau Ferry);嘉亨湾;中环 (港澳码头);2019-11-07T05:00:02+08:00;2019-11-07 09:48:49;
32;NWFB;23;北角碼頭;North Point Ferry Pier;蒲飛路;Pokfield Road;北角码头;蒲飞路;2019-11-07T05:00:02+08:00;2019-11-07 09:48:52;
33;NWFB;23B;寶馬山;Braemar Hill;柏道／羅便臣道;Park Road / Robinson Road;宝马山;柏道／罗便臣道;2019-11-07T05:00:02+08:00;2019-11-07 09:48:54;
34;NWFB;25;中環 (5 號碼頭);Central (Pier 5);寶馬山;Braemar Hill;中环 (5 号码头);宝马山;2019-11-07T05:00:02+08:00;2019-11-07 09:48:57;
35;NWFB;26;勵德邨;Lai Tak Tsuen;荷李活道;Hollywood Road;励德邨;荷李活道;2019-11-07T05:00:02+08:00;2019-11-07 09:49:00;
36;NWFB;27;北角碼頭;North Point Ferry Pier;寶馬山;Braemar Hill;北角码头;宝马山;2019-11-07T05:00:02+08:00;2019-11-07 09:49:03;
37;NWFB;2A;耀東邨;Yiu Tung Estate;灣仔北;Wan Chai North;耀东邨;湾仔北;2019-11-07T05:00:02+08:00;2019-11-07 09:49:05;
38;NWFB;2X;筲箕灣／愛秩序灣;Shau Kei Wan / Aldrich Bay;灣仔北;Wan Chai North;筲箕湾／爱秩序湾;湾仔北;2019-11-07T05:00:02+08:00;2019-11-07 09:49:08;
39;NWFB;301;紅磡 (海底隧道收費廣場);Hung Hom (Cross Harbour Tunnel Toll Plaza);上環;Sheung Wan;红磡 (海底隧道收费广场);上环;2019-11-07T05:00:02+08:00;2019-11-07 09:49:10;
40;NWFB;302;慈雲山 (北);Tsz Wan Shan (North);上環;Sheung Wan;慈云山 (北);上环;2019-11-07T05:00:02+08:00;2019-11-07 09:49:11;
41;NWFB;302A;慈雲山 (北);Tsz Wan Shan (North);北角 (健康村);North Point (Healthy Village);慈云山 (北);北角 (健康村);2019-11-07T05:00:02+08:00;2019-11-07 09:49:12;
42;NWFB;30X;數碼港;Cyberport;中環 (交易廣場);Central (Exchange Square);数码港;中环 (交易广场);2019-11-07T05:00:02+08:00;2019-11-07 09:49:14;
43;NWFB;33X;數碼港;Cyberport;西灣河;Sai Wan Ho;数码港;西湾河;2019-11-07T05:00:02+08:00;2019-11-07 09:49:16;
44;NWFB;38;置富花園;Chi Fu Fa Yuen;北角碼頭;North Point Ferry Pier;置富花园;北角码头;2019-11-07T05:00:02+08:00;2019-11-07 09:49:18;
45;NWFB;388;柴灣站;Chai Wan Station;柴灣墳場／歌連臣角;Chai Wan Cemeteries / Cape Collinson;柴湾站;柴湾坟场／歌连臣角;2019-11-07T05:00:02+08:00;2019-11-07 09:49:20;
46;NWFB;389;筲箕灣;Shau Kei Wan;柴灣墳場／歌連臣角;Chai Wan Cemeteries / Cape Collinson;筲箕湾;柴湾坟场／歌连臣角;2019-11-07T05:00:02+08:00;2019-11-07 09:49:21;
47;NWFB;38S;置富花園;Chi Fu Fa Yuen;銅鑼灣 (中央圖書館);Causeway Bay (Central Library);置富花园;铜锣湾 (中央图书馆);2019-11-07T05:00:02+08:00;2019-11-07 09:49:22;
48;NWFB;3A;中環 (天星碼頭);Central (Star Ferry);摩星嶺;Felix Villas;中环 (天星码头);摩星岭;2019-11-07T05:00:02+08:00;2019-11-07 09:49:23;
49;NWFB;4;華富 (南)／田灣;Wah Fu (South) / Tin Wan;中環;Central;华富 (南)／田湾;中环;2019-11-07T05:00:02+08:00;2019-11-07 09:49:25;
50;NWFB;42;華富 (南);Wah Fu (South);北角碼頭;North Point Ferry Pier;华富 (南);北角码头;2019-11-07T05:00:02+08:00;2019-11-07 09:49:28;
51;NWFB;42C;數碼港;Cyberport;北角碼頭;North Point Ferry Pier;数码港;北角码头;2019-11-07T05:00:02+08:00;2019-11-07 09:49:31;
52;NWFB;4X;華富 (南);Wah Fu (South);中環 (交易廣場);Central (Exchange Square);华富 (南);中环 (交易广场);2019-11-07T05:00:02+08:00;2019-11-07 09:49:33;
53;NWFB;590;海怡半島;South Horizons;中環 (交易廣場);Central (Exchange Square);海怡半岛;中环 (交易广场);2019-11-07T05:00:02+08:00;2019-11-07 09:49:36;
54;NWFB;595;海怡半島;South Horizons;香港仔;Aberdeen;海怡半岛;香港仔;2019-11-07T05:00:02+08:00;2019-11-07 09:49:37;
55;NWFB;601;金鐘 (東);Admiralty (East);寶達邨;Po Tat Estate;金钟 (东);宝达邨;2019-11-07T05:00:02+08:00;2019-11-07 09:49:39;
56;NWFB;601P;寶達邨;Po Tat Estate;上環;Sheung Wan;宝达邨;上环;2019-11-07T05:00:02+08:00;2019-11-07 09:49:42;
57;NWFB;63;北角碼頭;North Point Ferry Pier;赤柱市場;Stanley Market;北角码头;赤柱市场;2019-11-07T05:00:02+08:00;2019-11-07 09:49:44;
58;NWFB;641;中環 (港澳碼頭);Central (Macau Ferry);啟德 (啟晴邨);Kai Tak (Kai Ching Estate);中环 (港澳码头);启德 (启晴邨);2019-11-07T05:00:02+08:00;2019-11-07 09:49:48;
59;NWFB;65;北角碼頭;North Point Ferry Pier;赤柱市集;Stanley Market;北角码头;赤柱市集;2019-11-07T05:00:02+08:00;2019-11-07 09:49:50;
60;NWFB;66;中環 (交易廣場);Central (Exchange Square);赤柱廣場 (馬坑);Stanley Plaza (Ma Hang);中环 (交易广场);赤柱广场 (马坑);2019-11-07T05:00:02+08:00;2019-11-07 09:49:53;
61;NWFB;680;金鐘 (東);Admiralty (East);馬鞍山 (利安邨);Ma On Shan (Lee On Estate);金钟 (东);马鞍山 (利安邨);2019-11-07T05:00:02+08:00;2019-11-07 09:49:57;
62;NWFB;680A;馬鞍山 (利安邨);Ma On Shan (Lee On Estate);金鐘 (東);Admiralty (East);马鞍山 (利安邨);金钟 (东);2019-11-07T05:00:02+08:00;2019-11-07 09:50:00;
63;NWFB;680B;馬鞍山 (富安花園);Ma On Shan (Chevalier Garden);金鐘 (東);Admiralty (East);马鞍山 (富安花园);金钟 (东);2019-11-07T05:00:02+08:00;2019-11-07 09:50:02;
64;NWFB;680P;馬鞍山 (烏溪沙站);Ma On Shan (Wu Kai Sha Station);金鐘 (東);Admiralty (East);马鞍山 (乌溪沙站);金钟 (东);2019-11-07T05:00:02+08:00;2019-11-07 09:50:03;
65;NWFB;680X;中環 (港澳碼頭);Central (Macau Ferry Pier);馬鞍山 (烏溪沙站);Ma On Shan (Wu Kai Sha Station);中环 (港澳码头);马鞍山 (乌溪沙站);2019-11-07T05:00:02+08:00;2019-11-07 09:50:04;
66;NWFB;682;柴灣 (東);Chai Wan (East);馬鞍山 (烏溪沙站);Ma On Shan (Wu Kai Sha Station);柴湾 (东);马鞍山 (乌溪沙站);2019-11-07T05:00:02+08:00;2019-11-07 09:50:07;
67;NWFB;682A;馬鞍山市中心;Ma On Shan Town Centre;柴灣 (東);Chai Wan (East);马鞍山市中心;柴湾 (东);2019-11-07T05:00:02+08:00;2019-11-07 09:50:09;
68;NWFB;682B;水泉澳邨;Shui Chuen O Estate;柴灣 (東);Chai Wan (East);水泉澳邨;柴湾 (东);2019-11-07T05:00:02+08:00;2019-11-07 09:50:12;
69;NWFB;682C;沙田第一城;City One Shatin;北角 (經西灣河);North Point (via Sai Wan Ho);沙田第一城;北角 (经西湾河);2019-11-07T05:00:02+08:00;2019-11-07 09:50:16;
70;NWFB;682D;碩門邨;Shek Mun Estate;柴灣 (東);Chai Wan (East);硕门邨;柴湾 (东);2019-11-07T05:00:02+08:00;2019-11-07 09:50:18;
71;NWFB;682P;泥涌;Nai Chung;柴灣 (東);Chai Wan (East);泥涌;柴湾 (东);2019-11-07T05:00:02+08:00;2019-11-07 09:50:19;
72;NWFB;694;小西灣邨;Siu Sai Wan Estate;調景嶺站;Tiu Keng Leng Station;小西湾邨;调景岭站;2019-11-07T05:00:02+08:00;2019-11-07 09:50:21;
73;NWFB;701;海麗邨／南昌站;Hoi Lai Estate / Nam Cheong Station;旺角;Mong Kok;海丽邨／南昌站;旺角;2019-11-07T05:00:02+08:00;2019-11-07 09:50:24;
74;NWFB;701A;海盈邨;Hoi Ying Estate;旺角;Mong Kok;海盈邨;旺角;2019-11-07T05:00:02+08:00;2019-11-07 09:50:26;
75;NWFB;701R;香港體育館;Hong Kong Coliseum;蘇屋;So Uk;香港体育馆;苏屋;2019-11-07T05:00:02+08:00;2019-11-07 09:50:27;
76;NWFB;701S;海麗邨／南昌站;Hoi Lai Estate / Nam Cheong Station;旺角;Mong Kok;海丽邨／南昌站;旺角;2019-11-07T05:00:02+08:00;2019-11-07 09:50:29;
77;NWFB;702;海麗邨／南昌站;Hoi Lai Estate / Nam Cheong Station;九龍塘 (又一城);Kowloon Tong (Festival Walk);海丽邨／南昌站;九龙塘 (又一城);2019-11-07T05:00:02+08:00;2019-11-07 09:50:30;
78;NWFB;702A;碧海藍天;AquaMarine;白田邨;Pak Tin Estate;碧海蓝天;白田邨;2019-11-07T05:00:02+08:00;2019-11-07 09:50:32;
79;NWFB;702S;蘇屋邨;So Uk Estate;長沙灣 (深盛路)／富昌邨;Cheung Sha Wan (Sham Shing Road) / Fu Cheong ;苏屋邨;长沙湾 (深盛路)／富昌邨;2019-11-07T05:00:02+08:00;2019-11-07 09:50:34;
80;NWFB;720;嘉亨灣;Grand Promenade;中環 (港澳碼頭);Central (Macau Ferry);嘉亨湾;中环 (港澳码头);2019-11-07T05:00:02+08:00;2019-11-07 09:50:36;
81;NWFB;720A;嘉亨灣;Grand Promenade;金鐘 (政府總部);Admiralty (Central Government Office);嘉亨湾;金钟 (政府总部);2019-11-07T05:00:02+08:00;2019-11-07 09:50:38;
82;NWFB;720P;太古城;Taikoo Shing;中環 (機利文街);Central (Gilman Street);太古城;中环 (机利文街);2019-11-07T05:00:02+08:00;2019-11-07 09:50:39;
83;NWFB;720X;嘉亨灣;Grand Promenade;中環(林士街);Central (Rumsey Street);嘉亨湾;中环(林士街);2019-11-07T05:00:02+08:00;2019-11-07 09:50:41;
84;NWFB;722;耀東邨;Yiu Tung Estate;中環碼頭;Central (Ferry Piers);耀东邨;中环码头;2019-11-07T05:00:02+08:00;2019-11-07 09:50:42;
85;NWFB;78;黃竹坑;Wong Chuk Hang;華貴邨;Wah Kwai Estate;黄竹坑;华贵邨;2019-11-07T05:00:02+08:00;2019-11-07 09:50:45;
86;NWFB;792M;將軍澳站;Tseung Kwan O Station;西貢;Sai Kung;将军澳站;西贡;2019-11-07T05:00:02+08:00;2019-11-07 09:50:46;
87;NWFB;796C;清水灣半島;Oscar by the Sea;蘇屋;So Uk;清水湾半岛;苏屋;2019-11-07T05:00:02+08:00;2019-11-07 09:50:49;
88;NWFB;796E;將軍澳工業邨;Tseung Kwan O Industrial Estate;蘇屋;So Uk;将军澳工业邨;苏屋;2019-11-07T05:00:02+08:00;2019-11-07 09:50:52;
89;NWFB;796P;日出康城;Lohas Park;尖沙咀東;Tsim Sha Tsui East;日出康城;尖沙咀东;2019-11-07T05:00:02+08:00;2019-11-07 09:50:54;
90;NWFB;796R;香港體育館;Hong Kong Coliseum;日出康城;Lohas Park;香港体育馆;日出康城;2019-11-07T05:00:02+08:00;2019-11-07 09:50:57;
91;NWFB;796S;將軍澳站;Tseung Kwan O Station;牛頭角站;Ngau Tau Kok Station;将军澳站;牛头角站;2019-11-07T05:00:02+08:00;2019-11-07 09:50:59;
92;NWFB;796X;將軍澳工業邨;Tseung Kwan O Industrial Estate;尖沙咀 (東);Tsim Sha Tsui (East);将军澳工业邨;尖沙咀 (东);2019-11-07T05:00:02+08:00;2019-11-07 09:51:00;
93;NWFB;797M;將軍澳站;Tseung Kwan O Station;將軍澳工業邨;Tseung Kwan O Industrial Estate;将军澳站;将军澳工业邨;2019-11-07T05:00:02+08:00;2019-11-07 09:51:03;
94;NWFB;798;調景嶺站;Tiu Keng Leng Station;火炭 (經沙田);Fo Tan (via Sha Tin);调景岭站;火炭 (经沙田);2019-11-07T05:00:02+08:00;2019-11-07 09:51:05;
95;NWFB;798A;將軍澳 (康盛花園);Tseung Kwan O (Hong Sing Garden);沙田站;Sha Tin Station;将军澳 (康盛花园);沙田站;2019-11-07T05:00:02+08:00;2019-11-07 09:51:07;
96;NWFB;798B;日出康城;Lohas Park;沙田站;Sha Tin Station;日出康城;沙田站;2019-11-07T05:00:02+08:00;2019-11-07 09:51:08;
97;NWFB;8;杏花邨;Heng Fa Chuen;灣仔北;Wan Chai North;杏花邨;湾仔北;2019-11-07T05:00:02+08:00;2019-11-07 09:51:11;
98;NWFB;81;興華邨;Hing Wah Estate;勵德邨;Lai Tak Tsuen;兴华邨;励德邨;2019-11-07T05:00:02+08:00;2019-11-07 09:51:13;
99;NWFB;81A;興華邨;Hing Wah Estate;勵德邨;Lai Tak Tsuen;兴华邨;励德邨;2019-11-07T05:00:02+08:00;2019-11-07 09:51:17;
100;NWFB;81S;小西灣 (富欣花園);Siu Sai Wan (Harmony Garden);寶馬山;Braemar Hill;小西湾 (富欣花园);宝马山;2019-11-07T05:00:02+08:00;2019-11-07 09:51:20;
101;NWFB;82;小西灣 (藍灣半島);Siu Sai Wan (Island Resort);北角碼頭;North Point Ferry Pier;小西湾 (蓝湾半岛);北角码头;2019-11-07T05:00:02+08:00;2019-11-07 09:51:22;
102;NWFB;82M;柴灣站;Chai Wan Station;小西灣 (藍灣半島);Siu Sai Wan (Island Resort);柴湾站;小西湾 (蓝湾半岛);2019-11-07T05:00:02+08:00;2019-11-07 09:51:25;
103;NWFB;82S;小西灣 (藍灣半島);Siu Sai Wan (Island Resort);耀東 (惠亨街);Yiu Tung (Wai Hang Street);小西湾 (蓝湾半岛);耀东 (惠亨街);2019-11-07T05:00:02+08:00;2019-11-07 09:51:26;
104;NWFB;82X;小西灣 (藍灣半島);Siu Sai Wan (Island Resort);鰂魚涌;Quarry Bay;小西湾 (蓝湾半岛);鲗鱼涌;2019-11-07T05:00:02+08:00;2019-11-07 09:51:29;
105;NWFB;88X;小西灣 (藍灣半島);Siu Sai Wan (Island Resort);堅尼地城 (卑路乍灣);Kennedy Town (Belcher Bay);小西湾 (蓝湾半岛);坚尼地城 (卑路乍湾);2019-11-07T05:00:02+08:00;2019-11-07 09:51:31;
106;NWFB;8H;小西灣 (藍灣半島);Siu Sai Wan (Island Resort);東華東院;Tung Wah Eastern Hospital;小西湾 (蓝湾半岛);东华东院;2019-11-07T05:00:02+08:00;2019-11-07 09:51:32;
107;NWFB;8P;小西灣 (藍灣半島);Siu Sai Wan (Island Resort);灣仔北;Wan Chai North;小西湾 (蓝湾半岛);湾仔北;2019-11-07T05:00:02+08:00;2019-11-07 09:51:35;
108;NWFB;9;筲箕灣;Shau Kei Wan;石澳;Shek O;筲箕湾;石澳;2019-11-07T05:00:02+08:00;2019-11-07 09:51:37;
109;NWFB;904;堅尼地城 (卑路乍灣);Kennedy Town (Belcher Bay);荔枝角;Lai Chi Kok;坚尼地城 (卑路乍湾);荔枝角;2019-11-07T05:00:02+08:00;2019-11-07 09:51:39;
110;NWFB;905;灣仔北;Wan Chai North;荔枝角;Lai Chi Kok;湾仔北;荔枝角;2019-11-07T05:00:02+08:00;2019-11-07 09:51:42;
111;NWFB;905P;荔枝角;Lai Chi Kok;灣仔 (港灣道);Wan Chai (Harbour Road);荔枝角;湾仔 (港湾道);2019-11-07T05:00:02+08:00;2019-11-07 09:51:45;
112;NWFB;91;鴨脷洲邨;Ap Lei Chau Estate;中環碼頭;Central (Ferry Piers);鸭脷洲邨;中环码头;2019-11-07T05:00:02+08:00;2019-11-07 09:51:46;
113;NWFB;914;天后站;Tin Hau Station;海麗邨;Hoi Lai Estate;天后站;海丽邨;2019-11-07T05:00:02+08:00;2019-11-07 09:51:50;
114;NWFB;914P;海麗邨;Hoi Lai Estate;天后站;Tin Hau Station;海丽邨;天后站;2019-11-07T05:00:02+08:00;2019-11-07 09:51:53;
115;NWFB;914X;海麗邨;Hoi Lai Estate;天后站;Tin Hau Station;海丽邨;天后站;2019-11-07T05:00:02+08:00;2019-11-07 09:51:54;
116;NWFB;91A;鴨脷洲邨;Ap Lei Chau Estate;華富 (南);Wah Fu (South);鸭脷洲邨;华富 (南);2019-11-07T05:00:02+08:00;2019-11-07 09:51:56;
117;NWFB;93;海怡半島;South Horizons;羅便臣道;Robinson Road;海怡半岛;罗便臣道;2019-11-07T05:00:02+08:00;2019-11-07 09:51:58;
118;NWFB;93A;利東邨;Lei Tung Estate;羅便臣道;Robinson Road;利东邨;罗便臣道;2019-11-07T05:00:02+08:00;2019-11-07 09:51:59;
119;NWFB;94;利東邨;Lei Tung Estate;中環碼頭;Central (Ferry Piers);利东邨;中环码头;2019-11-07T05:00:02+08:00;2019-11-07 09:52:01;
120;NWFB;948;青衣 (長安邨);Tsing Yi (Cheung On Estate);天后站;Tin Hau Station;青衣 (长安邨);天后站;2019-11-07T05:00:02+08:00;2019-11-07 09:52:04;
121;NWFB;948A;青衣 (長安邨);Tsing Yi (Cheung On Estate);天后站;Tin Hau Station;青衣 (长安邨);天后站;2019-11-07T05:00:02+08:00;2019-11-07 09:52:07;
122;NWFB;948B;青衣 (翠怡花園);Tsing Yi (Greenfield Garden);天后站;Tin Hau Station;青衣 (翠怡花园);天后站;2019-11-07T05:00:02+08:00;2019-11-07 09:52:09;
123;NWFB;948P;青衣 (長安邨);Tsing Yi (Cheung On Estate);天后站;Tin Hau Station;青衣 (长安邨);天后站;2019-11-07T05:00:02+08:00;2019-11-07 09:52:10;
124;NWFB;948X;青衣 (長宏邨);Tsing Yi (Cheung Wang Estate);天后站;Tin Hau Station;青衣 (长宏邨);天后站;2019-11-07T05:00:02+08:00;2019-11-07 09:52:12;
125;NWFB;94A;華富 (中);Wah Fu (Central);利東邨;Lei Tung Estate;华富 (中);利东邨;2019-11-07T05:00:02+08:00;2019-11-07 09:52:14;
126;NWFB;95;鴨脷洲 (利南道工業區);Ap Lei Chau (Lee Nam Road Industrial Area);石排灣;Shek Pai Wan;鸭脷洲 (利南道工业区);石排湾;2019-11-07T05:00:02+08:00;2019-11-07 09:52:15;
127;NWFB;970;數碼港;Cyberport;蘇屋邨;So Uk Estate;数码港;苏屋邨;2019-11-07T05:00:02+08:00;2019-11-07 09:52:18;
128;NWFB;970X;香港仔;Aberdeen;蘇屋邨;So Uk Estate;香港仔;苏屋邨;2019-11-07T05:00:02+08:00;2019-11-07 09:52:22;
129;NWFB;971;香港仔 (石排灣);Aberdeen (Shek Pai Wan);海麗邨;Hoi Lai Estate;香港仔 (石排湾);海丽邨;2019-11-07T05:00:02+08:00;2019-11-07 09:52:25;
130;NWFB;971R;數碼港 (經域多利道);Cyberport  (via Victoria Road);旺角;Mong Kok;数码港 (经域多利道);旺角;2019-11-07T05:00:02+08:00;2019-11-07 09:52:30;
131;NWFB;980A;碩門邨;Shek Mun Estate;灣仔;Wan Chai;硕门邨;湾仔;2019-11-07T05:00:02+08:00;2019-11-07 09:52:32;
132;NWFB;980X;馬鞍山 (烏溪沙站);Ma On Shan (Wu Kai Sha Station);灣仔;Wan Chai;马鞍山 (乌溪沙站);湾仔;2019-11-07T05:00:02+08:00;2019-11-07 09:52:34;
133;NWFB;985;沙田 (美田邨);Shatin (Mei Tin Estate);銅鑼灣;Causeway Bay;沙田 (美田邨);铜锣湾;2019-11-07T05:00:02+08:00;2019-11-07 09:52:36;
134;NWFB;985A;沙田 (美田邨);Shatin (Mei Tin Estate);銅鑼灣;Causeway Bay;沙田 (美田邨);铜锣湾;2019-11-07T05:00:02+08:00;2019-11-07 09:52:38;
135;NWFB;985B;田心村;Tin Sam Village;銅鑼灣;Causeway Bay;田心村;铜锣湾;2019-11-07T05:00:02+08:00;2019-11-07 09:52:40;
136;NWFB;9C;筲箕灣;Shau Kei Wan;歌連臣角;Cape Collinson;筲箕湾;歌连臣角;2019-11-07T05:00:02+08:00;2019-11-07 09:52:41;
137;NWFB;9S;筲箕灣;Shau Kei Wan;石澳;Shek O;筲箕湾;石澳;2019-11-07T05:00:02+08:00;2019-11-07 09:52:42;
138;NWFB;FE1;中環 (3 號碼頭);Central (Pier 3);中環 (交易廣場);Central (Exchange Square);中环 (3 号码头);中环 (交易广场);2019-11-07T05:00:02+08:00;2019-11-07 09:52:44;
139;NWFB;H1;中環 (天星碼頭);Central (Star Ferry);尖沙咀;Tsim Sha Tsui;中环 (天星码头);尖沙咀;2019-11-07T05:00:02+08:00;2019-11-07 09:52:45;
140;NWFB;H1A;中環 (天星碼頭);Central (Star Ferry);尖沙咀;Tsim Sha Tsui;中环 (天星码头);尖沙咀;2019-11-07T05:00:02+08:00;2019-11-07 09:52:47;
141;NWFB;H2;中環 (天星碼頭);Central (Star Ferry);尖沙咀;Tsim Sha Tsui;中环 (天星码头);尖沙咀;2019-11-07T05:00:02+08:00;2019-11-07 09:52:48;
142;NWFB;H2S;中環 (大會堂);Central (City Hall);旺角;Mongkok;中环 (大会堂);旺角;2019-11-07T05:00:02+08:00;2019-11-07 09:52:49;
143;NWFB;N106;小西灣 (藍灣半島);Siu Sai Wan (Island Resort);黃大仙;Wong Tai Sin;小西湾 (蓝湾半岛);黄大仙;2019-11-07T05:00:02+08:00;2019-11-07 09:52:50;
144;NWFB;N116;北角;North Point;慈雲山 (中);Tsz Wan Shan (Central);北角;慈云山 (中);2019-11-07T05:00:02+08:00;2019-11-07 09:52:51;
145;NWFB;N121;中環 (港澳碼頭);Central (Macau Ferry);牛頭角;Ngau Tau Kok;中环 (港澳码头);牛头角;2019-11-07T05:00:02+08:00;2019-11-07 09:52:52;
146;NWFB;N122;筲箕灣;Shau Kei Wan;美孚;Mei Foo;筲箕湾;美孚;2019-11-07T05:00:02+08:00;2019-11-07 09:52:55;
147;NWFB;N601;金鐘 (東);Admiralty (East);寶達邨;Po Tat Estate;金钟 (东);宝达邨;2019-11-07T05:00:02+08:00;2019-11-07 09:52:58;
148;NWFB;N680;中環 (港澳碼頭);Central (Macau Ferry);馬鞍山 (錦英苑);Ma On Shan (Kam Ying Court);中环 (港澳码头);马鞍山 (锦英苑);2019-11-07T05:00:02+08:00;2019-11-07 09:53:00;
149;NWFB;N691;中環 (港澳碼頭);Central (Macau Ferry);調景嶺 (景嶺路);Tiu Keng Leng (King Ling Road);中环 (港澳码头);调景岭 (景岭路);2019-11-07T05:00:02+08:00;2019-11-07 09:53:03;
150;NWFB;N796;將軍澳站;Tseung Kwan O Station;尖沙咀;Tsim Sha Tsui;将军澳站;尖沙咀;2019-11-07T05:00:02+08:00;2019-11-07 09:53:07;
151;NWFB;N8;灣仔北;Wan Chai North;杏花邨;Heng Fa Chuen;湾仔北;杏花邨;2019-11-07T05:00:02+08:00;2019-11-07 09:53:10;
152;NWFB;N8P;小西灣 (藍灣半島);Siu Sai Wan (Island Resort);灣仔 (港灣道);Wan Chai (Harbour Road);小西湾 (蓝湾半岛);湾仔 (港湾道);2019-11-07T05:00:02+08:00;2019-11-07 09:53:14;
153;NWFB;R680;馬鞍山 (錦英苑);Ma On Shan (Kam Ying Court);銅鑼灣 (維多利亞公園);Causeway Bay (Victoria Park);马鞍山 (锦英苑);铜锣湾 (维多利亚公园);2019-11-07T05:00:02+08:00;2019-11-07 09:53:16;
154;NWFB;X15;金鐘 (西);Admiralty (West);山頂;The Peak;金钟 (西);山顶;2019-11-07T05:00:02+08:00;2019-11-07 09:53:17;
155;NWFB;X15R;中環 (5 號碼頭);Central (Pier 5);山頂;The Peak;中环 (5 号码头);山顶;2019-11-07T05:00:02+08:00;2019-11-07 09:53:18;
156;NWFB;X797;調景嶺站;Tiu Keng Leng Station;消防及救護學院;Fire and Ambulance Services Academy;调景岭站;消防及救护学院;2019-11-07T05:00:02+08:00;2019-11-07 09:53:19;
157;NWFB;X970;海怡半島;South Horizons;蘇屋邨;So Uk Estate;海怡半岛;苏屋邨;2019-11-07T05:00:02+08:00;2019-11-07 09:53:20;
158;CTB;1;摩星嶺;Felix Villas;跑馬地 (上);Happy Valley (Upper);摩星岭;跑马地 (上);2019-11-07T05:00:02+08:00;2019-11-07 09:53:31;
159;CTB;10;堅尼地城;Kennedy Town;北角碼頭;North Point Ferry Pier;坚尼地城;北角码头;2019-11-07T05:00:02+08:00;2019-11-07 09:53:36;
160;CTB;102;筲箕灣;Shau Kei Wan;美孚;Mei Foo;筲箕湾;美孚;2019-11-07T05:00:02+08:00;2019-11-07 09:53:40;
161;CTB;102P;筲箕灣;Shau Kei Wan;美孚;Mei Foo;筲箕湾;美孚;2019-11-07T05:00:02+08:00;2019-11-07 09:53:43;
162;CTB;103;蒲飛路;Pokfield Road;竹園;Chuk Yuen;蒲飞路;竹园;2019-11-07T05:00:02+08:00;2019-11-07 09:53:46;
163;CTB;103P;蒲飛路;Pokfield Road;旺角 (麥花臣遊樂場);Mong Kok (Macpherson Playground);蒲飞路;旺角 (麦花臣游乐场);2019-11-07T05:00:02+08:00;2019-11-07 09:53:50;
164;CTB;107;華貴邨;Wah Kwai Estate;九龍灣;Kowloon Bay;华贵邨;九龙湾;2019-11-07T05:00:02+08:00;2019-11-07 09:53:51;
165;CTB;107P;紅磡 (海逸豪園);Hung Hom (Laguna Verde);數碼港;Cyberport;红磡 (海逸豪园);数码港;2019-11-07T05:00:02+08:00;2019-11-07 09:53:54;
166;CTB;11;中環碼頭;Central (Ferry Piers);渣甸山;Jardine's Lookout;中环码头;渣甸山;2019-11-07T05:00:02+08:00;2019-11-07 09:53:57;
167;CTB;117;跑馬地 (下);Happy Valley (Lower);深水埗 (欽州街);Sham Shui Po (Yen Chow Street);跑马地 (下);深水埗 (钦州街);2019-11-07T05:00:02+08:00;2019-11-07 09:53:59;
168;CTB;117R;香港大球場;Hong Kong Stadium;旺角 (經尖沙咀);Mong Kok (via Tsim Sha Tsui);香港大球场;旺角 (经尖沙咀);2019-11-07T05:00:02+08:00;2019-11-07 09:54:02;
169;CTB;118;小西灣 (藍灣半島);Siu Sai Wan (Island Resort);長沙灣 (深旺道);Cheung Sha Wan (Sham Mong Road);小西湾 (蓝湾半岛);长沙湾 (深旺道);2019-11-07T05:00:02+08:00;2019-11-07 09:54:03;
170;CTB;118P;小西灣 (藍灣半島);Siu Sai Wan (Island Resort);長沙灣 (深旺道);Cheung Sha Wan (Sham Mong Road);小西湾 (蓝湾半岛);长沙湾 (深旺道);2019-11-07T05:00:02+08:00;2019-11-07 09:54:06;
171;CTB;12;中環碼頭;Central (Ferry Piers);羅便臣道;Robinson Road;中环码头;罗便臣道;2019-11-07T05:00:02+08:00;2019-11-07 09:54:09;
172;CTB;12A;金鐘 (添馬街);Admiralty (Tamar Street);麥當勞道;MacDonnell Road;金钟 (添马街);麦当劳道;2019-11-07T05:00:02+08:00;2019-11-07 09:54:11;
173;CTB;12M;金鐘 (添馬街);Admiralty (Tamar Street);柏道;Park Road;金钟 (添马街);柏道;2019-11-07T05:00:02+08:00;2019-11-07 09:54:13;
174;CTB;170;華富 (中);Wah Fu (Central);沙田站;Sha Tin Station;华富 (中);沙田站;2019-11-07T05:00:02+08:00;2019-11-07 09:54:14;
175;CTB;171;海怡半島;South Horizons;荔枝角;Lai Chi Kok;海怡半岛;荔枝角;2019-11-07T05:00:02+08:00;2019-11-07 09:54:17;
176;CTB;171A;利東邨;Lei Tung Estate;荔枝角;Lai Chi Kok;利东邨;荔枝角;2019-11-07T05:00:02+08:00;2019-11-07 09:54:21;
177;CTB;171P;海怡半島;South Horizons;荔枝角;Lai Chi Kok;海怡半岛;荔枝角;2019-11-07T05:00:02+08:00;2019-11-07 09:54:23;
178;CTB;182;中環 (港澳碼頭);Central (Macau Ferry);沙田 (愉翠苑);Sha Tin (Yu Chui Court);中环 (港澳码头);沙田 (愉翠苑);2019-11-07T05:00:02+08:00;2019-11-07 09:54:25;
179;CTB;182X;中環 (港澳碼頭);Central (Macau Ferry);沙田 (愉翠苑);Sha Tin (Yu Chui Court);中环 (港澳码头);沙田 (愉翠苑);2019-11-07T05:00:02+08:00;2019-11-07 09:54:28;
180;CTB;19;小西灣 (藍灣半島);Siu Sai Wan (Island Resort);跑馬地 (上);Happy Valley (Upper);小西湾 (蓝湾半岛);跑马地 (上);2019-11-07T05:00:02+08:00;2019-11-07 09:54:29;
181;CTB;19P;筲箕灣;Shau Kei Wan;跑馬地 (上);Happy Valley (Upper);筲箕湾;跑马地 (上);2019-11-07T05:00:02+08:00;2019-11-07 09:54:33;
182;CTB;1P;黃泥涌道 (樂活道);Wong Nai Chung Road (Broadwood Road);中環;Central;黄泥涌道 (乐活道);中环;2019-11-07T05:00:02+08:00;2019-11-07 09:54:35;
183;CTB;20;啟德 (沐寧街);Kai Tak (Muk Ning Street);大角咀 (維港灣);Tai Kok Tsui (Island Harbourview);启德 (沐宁街);大角咀 (维港湾);2019-11-07T05:00:02+08:00;2019-11-07 09:54:38;
184;CTB;20R;香港體育館;Hong Kong Coliseum;啟德 (沐安街);Kai Tak (Muk On Street);香港体育馆;启德 (沐安街);2019-11-07T05:00:02+08:00;2019-11-07 09:54:40;
185;CTB;22;啟德郵輪碼頭;Kai Tak Cruise Terminal;九龍塘 (又一城);Kowloon Tong (Festival Walk);启德邮轮码头;九龙塘 (又一城);2019-11-07T05:00:02+08:00;2019-11-07 09:54:41;
186;CTB;25A;灣仔 (會展新翼);Wan Chai (HKCEC Extension);寶馬山;Braemar Hill;湾仔 (会展新翼);宝马山;2019-11-07T05:00:02+08:00;2019-11-07 09:54:43;
187;CTB;260;中環 (交易廣場);Central (Exchange Square);赤柱市場;Stanley Market;中环 (交易广场);赤柱市场;2019-11-07T05:00:02+08:00;2019-11-07 09:54:46;
188;CTB;307;大埔中心;Tai Po Centre;中環碼頭／上環;Central (Ferry Piers) / Sheung Wan;大埔中心;中环码头／上环;2019-11-07T05:00:02+08:00;2019-11-07 09:54:50;
189;CTB;307A;大埔頭;Tai Po Tau;上環;Sheung Wan;大埔头;上环;2019-11-07T05:00:02+08:00;2019-11-07 09:54:52;
190;CTB;307B;大埔 (運頭塘);Tai Po (Wan Tau Tong);上環;Sheung Wan;大埔 (运头塘);上环;2019-11-07T05:00:02+08:00;2019-11-07 09:54:53;
191;CTB;307C;大埔頭;Tai  Po Tau;灣仔 (會議展覽中心);Wan Chai (HKCEC);大埔头;湾仔 (会议展览中心);2019-11-07T05:00:02+08:00;2019-11-07 09:54:54;
192;CTB;307P;天后站;Tin Hau Station;大埔 (汀太路);Tai Po (Ting Tai Road);天后站;大埔 (汀太路);2019-11-07T05:00:02+08:00;2019-11-07 09:54:56;
193;CTB;314;小西灣 (藍灣半島);Siu Sai Wan (Island Resort);赤柱 (海灘／市場);Stanley (Beach / Market);小西湾 (蓝湾半岛);赤柱 (海滩／市场);2019-11-07T05:00:02+08:00;2019-11-07 09:54:58;
194;CTB;347;金鐘 (西);Admiralty (West);香港仔 (經域多利道);Aberdeen (via Victoria Road);金钟 (西);香港仔 (经域多利道);2019-11-07T05:00:02+08:00;2019-11-07 09:55:02;
195;CTB;37A;置富花園;Chi Fu Fa Yuen;中環;Central;置富花园;中环;2019-11-07T05:00:02+08:00;2019-11-07 09:55:05;
196;CTB;37B;置富花園;Chi Fu Fa Yuen;金鐘;Admiralty;置富花园;金钟;2019-11-07T05:00:02+08:00;2019-11-07 09:55:07;
197;CTB;37S;中環(交易廣場);Central (Exchange Square);置富花園;Chi Fu Fa Yuen;中环(交易广场);置富花园;2019-11-07T05:00:02+08:00;2019-11-07 09:55:10;
198;CTB;37X;置富花園;Chi Fu Fa Yuen;金鐘;Admiralty;置富花园;金钟;2019-11-07T05:00:02+08:00;2019-11-07 09:55:11;
199;CTB;40;華富 (北);Wah Fu (North);灣仔北;Wan Chai North;华富 (北);湾仔北;2019-11-07T05:00:02+08:00;2019-11-07 09:55:13;
200;CTB;40M;華富 (北);Wah Fu (North);金鐘 (政府總部);Admiralty (Central Government Offices);华富 (北);金钟 (政府总部);2019-11-07T05:00:02+08:00;2019-11-07 09:55:16;
201;CTB;40P;華富 (北);Wah Fu (North);羅便臣道;Robinson Road;华富 (北);罗便臣道;2019-11-07T05:00:02+08:00;2019-11-07 09:55:19;
202;CTB;41A;華富 (中);Wah Fu (Central);北角碼頭;North Point Ferry Pier;华富 (中);北角码头;2019-11-07T05:00:02+08:00;2019-11-07 09:55:21;
203;CTB;43M;田灣;Tin Wan;石塘咀;Shek Tong Tsui;田湾;石塘咀;2019-11-07T05:00:02+08:00;2019-11-07 09:55:25;
204;CTB;47P;堅尼地城 (卑路乍灣);Kennedy Town (Belcher Bay);黃竹坑;Wong Chuk Hang;坚尼地城 (卑路乍湾);黄竹坑;2019-11-07T05:00:02+08:00;2019-11-07 09:55:28;
205;CTB;48;深灣;Sham Wan;華富 (北);Wah Fu (North);深湾;华富 (北);2019-11-07T05:00:02+08:00;2019-11-07 09:55:31;
206;CTB;511;大坑徑;Tai Hang Drive;中環碼頭;Central (Ferry Piers);大坑径;中环码头;2019-11-07T05:00:02+08:00;2019-11-07 09:55:33;
207;CTB;592;海怡半島;South Horizons;銅鑼灣 (摩頓台);Causeway Bay (Moreton Terrace);海怡半岛;铜锣湾 (摩顿台);2019-11-07T05:00:02+08:00;2019-11-07 09:55:35;
208;CTB;592S;銅鑼灣 (摩頓台);Causeway Bay (Moreton Terrace);海怡半島;South Horizons;铜锣湾 (摩顿台);海怡半岛;2019-11-07T05:00:02+08:00;2019-11-07 09:55:37;
209;CTB;5B;堅尼地城;Kennedy Town;銅鑼灣 / 香港大球場;Causeway Bay / Hong Kong Stadium;坚尼地城;铜锣湾 / 香港大球场;2019-11-07T05:00:02+08:00;2019-11-07 09:55:38;
210;CTB;5X;堅尼地城;Kennedy Town;銅鑼灣 (威非路道);Causeway Bay (Whitfield Road);坚尼地城;铜锣湾 (威非路道);2019-11-07T05:00:02+08:00;2019-11-07 09:55:41;
211;CTB;6;中環 (交易廣場);Central (Exchange Square);赤柱市場 (經馬坑);Stanley Market (via Ma Hang);中环 (交易广场);赤柱市场 (经马坑);2019-11-07T05:00:02+08:00;2019-11-07 09:55:45;
212;CTB;606;小西灣 (藍灣半島);Siu Sai Wan (Island Resort);彩雲 (豐盛街);Choi Wan (Fung Shing Street);小西湾 (蓝湾半岛);彩云 (丰盛街);2019-11-07T05:00:02+08:00;2019-11-07 09:55:49;
213;CTB;606A;彩雲 (豐盛街);Choi Wan (Fung Shing Street);耀東邨;Yiu Tung Estate;彩云 (丰盛街);耀东邨;2019-11-07T05:00:02+08:00;2019-11-07 09:55:53;
214;CTB;606X;小西灣 (藍灣半島);Siu Sai Wan (Island Resort);九龍灣;Kowloon Bay;小西湾 (蓝湾半岛);九龙湾;2019-11-07T05:00:02+08:00;2019-11-07 09:55:55;
215;CTB;608;九龍城 (盛德街);Kowloon City (Shing Tak Street);嘉亨灣;Grand Promenade;九龙城 (盛德街);嘉亨湾;2019-11-07T05:00:02+08:00;2019-11-07 09:55:58;
216;CTB;619;中環 (港澳碼頭);Central (Macau Ferry);順利邨;Shun Lee Estate;中环 (港澳码头);顺利邨;2019-11-07T05:00:02+08:00;2019-11-07 09:56:01;
217;CTB;619P;順利邨;Shun Lee Estate;中環 (港澳碼頭);Central (Macau Ferry);顺利邨;中环 (港澳码头);2019-11-07T05:00:02+08:00;2019-11-07 09:56:04;
218;CTB;619X;順利邨;Shun Lee Estate;中環 (港澳碼頭);Central (Macau Ferry);顺利邨;中环 (港澳码头);2019-11-07T05:00:02+08:00;2019-11-07 09:56:06;
219;CTB;61R;沙田第一城;City One Shatin;藍田站;Lam Tin Station;沙田第一城;蓝田站;2019-11-07T05:00:02+08:00;2019-11-07 09:56:08;
220;CTB;621;麗港城;Laguna City;中環 (香港站);Central (Hong Kong Station);丽港城;中环 (香港站);2019-11-07T05:00:02+08:00;2019-11-07 09:56:10;
221;CTB;629;中環 (天星碼頭);Central (Star Ferry);海洋公園;Ocean Park;中环 (天星码头);海洋公园;2019-11-07T05:00:02+08:00;2019-11-07 09:56:12;
222;CTB;671;鴨脷洲 (利樂街);Ap Lei Chau (Lee Lok Street);鑽石山站;Diamond Hill Station;鸭脷洲 (利乐街);钻石山站;2019-11-07T05:00:02+08:00;2019-11-07 09:56:14;
223;CTB;678;上水;Sheung Shui;銅鑼灣 (東院道);Causeway Bay (Eastern Hospital Road);上水;铜锣湾 (东院道);2019-11-07T05:00:02+08:00;2019-11-07 09:56:17;
224;CTB;681;中環 (香港站);Central (Hong Kong Station);馬鞍山市中心;Ma On Shan Town Centre;中环 (香港站);马鞍山市中心;2019-11-07T05:00:02+08:00;2019-11-07 09:56:20;
225;CTB;681P;馬鞍山 (耀安邨);Ma On Shan (Yiu On Estate);上環;Sheung Wan;马鞍山 (耀安邨);上环;2019-11-07T05:00:02+08:00;2019-11-07 09:56:23;
226;CTB;690;中環 (交易廣場);Central (Exchange Square);將軍澳 (康盛花園);Tseung Kwan O (Hong Sing Garden);中环 (交易广场);将军澳 (康盛花园);2019-11-07T05:00:02+08:00;2019-11-07 09:56:25;
227;CTB;690P;將軍澳 (康盛花園);Tseung Kwan O (Hong Sing Garden);中環 (交易廣場);Central (Exchange Square);将军澳 (康盛花园);中环 (交易广场);2019-11-07T05:00:02+08:00;2019-11-07 09:56:28;
228;CTB;6A;中環 (交易廣場);Central (Exchange Square);赤柱炮台 (閘口);Stanley Fort (Gate);中环 (交易广场);赤柱炮台 (闸口);2019-11-07T05:00:02+08:00;2019-11-07 09:56:30;
229;CTB;6X;中環 (交易廣場);Central (Exchange Square);赤柱市場;Stanley Market;中环 (交易广场);赤柱市场;2019-11-07T05:00:02+08:00;2019-11-07 09:56:33;
230;CTB;7;石排灣;Shek Pai Wan;中環碼頭;Central (Ferry Piers);石排湾;中环码头;2019-11-07T05:00:02+08:00;2019-11-07 09:56:36;
231;CTB;70;華貴;Wah Kwai;中環 (交易廣場);Central (Exchange Square);华贵;中环 (交易广场);2019-11-07T05:00:02+08:00;2019-11-07 09:56:39;
232;CTB;70A;中環 (交易廣場);Central (Exchange Square);香港仔;Aberdeen;中环 (交易广场);香港仔;2019-11-07T05:00:02+08:00;2019-11-07 09:56:41;
233;CTB;70P;石排灣;Shek Pai Wan;中環 (交易廣場);Central (Exchange Square);石排湾;中环 (交易广场);2019-11-07T05:00:02+08:00;2019-11-07 09:56:42;
234;CTB;71;黃竹坑;Wong Chuk Hang;中環 (林士街);Central (Rumsey Street);黄竹坑;中环 (林士街);2019-11-07T05:00:02+08:00;2019-11-07 09:56:44;
235;CTB;71P;深灣;Sham Wan;中環碼頭;Central (Ferry Piers);深湾;中环码头;2019-11-07T05:00:02+08:00;2019-11-07 09:56:46;
236;CTB;72;華貴邨;Wah Kwai Estate;銅鑼灣 (摩頓台);Causeway Bay (Moreton Terrace);华贵邨;铜锣湾 (摩顿台);2019-11-07T05:00:02+08:00;2019-11-07 09:56:49;
237;CTB;72A;深灣;Sham Wan;銅鑼灣 (摩頓台);Causeway Bay (Moreton Terrace);深湾;铜锣湾 (摩顿台);2019-11-07T05:00:02+08:00;2019-11-07 09:56:51;
238;CTB;72S;銅鑼灣 (摩頓台);Causeway Bay (Moreton Terrace);華貴邨;Wah Kwai Estate;铜锣湾 (摩顿台);华贵邨;2019-11-07T05:00:02+08:00;2019-11-07 09:56:52;
239;CTB;73;數碼港／華富 (北);Cyberport / Wah Fu (North);赤柱市場;Stanley Market;数码港／华富 (北);赤柱市场;2019-11-07T05:00:02+08:00;2019-11-07 09:56:53;
240;CTB;73P;深灣;Sham Wan;數碼港;Cyberport;深湾;数码港;2019-11-07T05:00:02+08:00;2019-11-07 09:56:57;
241;CTB;73S;赤柱市場;Stanley Market;海洋公園;Ocean Park;赤柱市场;海洋公园;2019-11-07T05:00:02+08:00;2019-11-07 09:56:59;
242;CTB;75;深灣;Sham Wan;中環 (交易廣場);Central (Exchange Square);深湾;中环 (交易广场);2019-11-07T05:00:02+08:00;2019-11-07 09:57:00;
243;CTB;76;石排灣;Shek Pai Wan;銅鑼灣 (邊寧頓街);Causeway Bay (Pennington Street);石排湾;铜锣湾 (边宁顿街);2019-11-07T05:00:02+08:00;2019-11-07 09:57:02;
244;CTB;77;田灣;Tin Wan;筲箕灣;Shau Kei Wan;田湾;筲箕湾;2019-11-07T05:00:02+08:00;2019-11-07 09:57:05;
245;CTB;77A;筲箕灣;Shau Kei Wan;田灣;Tin Wan;筲箕湾;田湾;2019-11-07T05:00:02+08:00;2019-11-07 09:57:09;
246;CTB;77S;田灣;Tin Wan;筲箕灣;Shau Kei Wan;田湾;筲箕湾;2019-11-07T05:00:02+08:00;2019-11-07 09:57:11;
247;CTB;77X;華貴邨;Wah Kwai Estate;西灣河;Sai Wan Ho;华贵邨;西湾河;2019-11-07T05:00:02+08:00;2019-11-07 09:57:12;
248;CTB;780;柴灣 (東);Chai Wan (East);中環碼頭;Central (Ferry Piers);柴湾 (东);中环码头;2019-11-07T05:00:02+08:00;2019-11-07 09:57:14;
249;CTB;780P;興華 (經銅鑼灣);Hing Wah (via Causeway Bay);中環碼頭;Central (Ferry Piers);兴华 (经铜锣湾);中环码头;2019-11-07T05:00:02+08:00;2019-11-07 09:57:17;
250;CTB;788;小西灣 (藍灣半島);Siu Sai Wan (Island Resort);中環 (港澳碼頭);Central (Macau Ferry);小西湾 (蓝湾半岛);中环 (港澳码头);2019-11-07T05:00:02+08:00;2019-11-07 09:57:19;
251;CTB;789;小西灣 (藍灣半島);Siu Sai Wan (Island Resort);金鐘 (樂禮街);Admiralty (Rodney Street);小西湾 (蓝湾半岛);金钟 (乐礼街);2019-11-07T05:00:02+08:00;2019-11-07 09:57:21;
252;CTB;85;小西灣 (藍灣半島);Siu Sai Wan (Island Resort);寶馬山;Braemar Hill;小西湾 (蓝湾半岛);宝马山;2019-11-07T05:00:02+08:00;2019-11-07 09:57:23;
253;CTB;85A;筲箕灣;Shau Kei Wan;寶馬山;Braemar Hill;筲箕湾;宝马山;2019-11-07T05:00:02+08:00;2019-11-07 09:57:26;
254;CTB;85P;小西灣 (藍灣半島);Siu Sai Wan (Island Resort);寶馬山;Braemar Hill;小西湾 (蓝湾半岛);宝马山;2019-11-07T05:00:02+08:00;2019-11-07 09:57:29;
255;CTB;88R;沙田第一城;City One Shatin;中環;Central;沙田第一城;中环;2019-11-07T05:00:02+08:00;2019-11-07 09:57:32;
256;CTB;8S;跑馬地馬場;Happy Valley Racecourse;小西灣 (藍灣半島);Siu Sai Wan (Island Resort);跑马地马场;小西湾 (蓝湾半岛);2019-11-07T05:00:02+08:00;2019-11-07 09:57:33;
257;CTB;8X;小西灣 (藍灣半島);Siu Sai Wan (Island Resort);跑馬地 (下);Happy Valley (Lower);小西湾 (蓝湾半岛);跑马地 (下);2019-11-07T05:00:02+08:00;2019-11-07 09:57:35;
258;CTB;90;鴨脷洲邨;Ap Lei Chau Estate;中環 (交易廣場);Central (Exchange Square);鸭脷洲邨;中环 (交易广场);2019-11-07T05:00:02+08:00;2019-11-07 09:57:38;
259;CTB;90B;海怡半島;South Horizons;金鐘 (東);Admiralty (East);海怡半岛;金钟 (东);2019-11-07T05:00:02+08:00;2019-11-07 09:57:40;
260;CTB;90C;鴨脷洲大街;Main Street Ap Lei Chau;中環 (怡和大廈);Central (Jardine House);鸭脷洲大街;中环 (怡和大厦);2019-11-07T05:00:02+08:00;2019-11-07 09:57:44;
261;CTB;930;荃灣 (愉景新城／荃灣西站);Tsuen Wan (Discovery Park / Tsuen Wan West St;灣仔北;Wan Chai North;荃湾 (愉景新城／荃湾西站);湾仔北;2019-11-07T05:00:02+08:00;2019-11-07 09:57:46;
262;CTB;930A;荃灣西站;Tsuen Wan West Station;灣仔北;Wan Chai North;荃湾西站;湾仔北;2019-11-07T05:00:02+08:00;2019-11-07 09:57:48;
263;CTB;930X;荃灣 (愉景新城);Tsuen Wan (Discovery Park);銅鑼灣 (摩頓台);Causeway Bay (Moreton Terrace);荃湾 (愉景新城);铜锣湾 (摩顿台);2019-11-07T05:00:02+08:00;2019-11-07 09:57:50;
264;CTB;93C;鴨脷洲大街;Main Street Ap Lei Chau;堅道;Caine Road;鸭脷洲大街;坚道;2019-11-07T05:00:02+08:00;2019-11-07 09:57:53;
265;CTB;95C;鴨脷洲邨;Ap Lei Chau Estate;置富花園;Chi Fu Fa Yuen;鸭脷洲邨;置富花园;2019-11-07T05:00:02+08:00;2019-11-07 09:57:56;
266;CTB;95P;田灣;Tin Wan;鴨脷洲邨;Ap Lei Chau Estate;田湾;鸭脷洲邨;2019-11-07T05:00:02+08:00;2019-11-07 09:57:58;
267;CTB;96;利東邨;Lei Tung Estate;銅鑼灣 (摩頓台);Causeway Bay (Moreton Terrace);利东邨;铜锣湾 (摩顿台);2019-11-07T05:00:02+08:00;2019-11-07 09:58:00;
268;CTB;962;屯門 (龍門居);Tuen Mun (Lung Mun Oasis);銅鑼灣 (摩頓台);Causeway Bay (Moreton Terrace);屯门 (龙门居);铜锣湾 (摩顿台);2019-11-07T05:00:02+08:00;2019-11-07 09:58:02;
269;CTB;962A;屯門 (悅湖山莊);Tuen Mun (Yuet Wu Villa);金鐘;Admiralty;屯门 (悅湖山庄);金钟;2019-11-07T05:00:02+08:00;2019-11-07 09:58:05;
270;CTB;962B;屯門 (置樂花園);Tuen Mun (Chi Lok Fa Yuen);銅鑼灣 (摩頓台);Causeway Bay (Moreton Terrace);屯门 (置乐花园);铜锣湾 (摩顿台);2019-11-07T05:00:02+08:00;2019-11-07 09:58:07;
271;CTB;962C;屯門 (龍門居);Tuen Mun (Lung Mun Oasis);太古 (康怡廣場);Taikoo (Kornhill Plaza);屯门 (龙门居);太古 (康怡广场);2019-11-07T05:00:02+08:00;2019-11-07 09:58:10;
272;CTB;962E;掃管笏;So Kwun Wat;太古 (康怡廣場);Taikoo (Kornhill Plaza);扫管笏;太古 (康怡广场);2019-11-07T05:00:02+08:00;2019-11-07 09:58:12;
273;CTB;962G;中環 (交易廣場);Central (Exchange Square);屯門 (湖景路);Tuen Mun (Wu King Road);中环 (交易广场);屯门 (湖景路);2019-11-07T05:00:02+08:00;2019-11-07 09:58:16;
274;CTB;962N;屯門 (置樂花園);Tuen Mun (Chi Lok Fa Yuen);銅鑼灣 (摩頓台);Causeway Bay (Moreton Terrace);屯门 (置乐花园);铜锣湾 (摩顿台);2019-11-07T05:00:02+08:00;2019-11-07 09:58:17;
275;CTB;962P;屯門 (龍門居);Tuen Mun (Lung Mun Oasis);銅鑼灣 (摩頓台);Causeway Bay (Moreton Terrace);屯门 (龙门居);铜锣湾 (摩顿台);2019-11-07T05:00:02+08:00;2019-11-07 09:58:21;
276;CTB;962S;屯門 (置樂花園);Tuen Mun (Chi Lok Fa Yuen);銅鑼灣 (摩頓台);Causeway Bay (Moreton Terrace);屯门 (置乐花园);铜锣湾 (摩顿台);2019-11-07T05:00:02+08:00;2019-11-07 09:58:23;
277;CTB;962X;屯門 (龍門居);Tuen Mun (Lung Mun Oasis);銅鑼灣 (摩頓台);Causeway Bay (Moreton Terrace);屯门 (龙门居);铜锣湾 (摩顿台);2019-11-07T05:00:02+08:00;2019-11-07 09:58:24;
278;CTB;967;天水圍 (天恩邨);Tin Shui Wai (Tin Yan Estate);金鐘 (西);Admiralty (West);天水围 (天恩邨);金钟 (西);2019-11-07T05:00:02+08:00;2019-11-07 09:58:27;
279;CTB;967S;銅鑼灣 (摩頓台);Causeway Bay (Moreton Terrace);天水圍 (天恩);Tin Shui Wan (Tin Yan Estate);铜锣湾 (摩顿台);天水围 (天恩);2019-11-07T05:00:02+08:00;2019-11-07 09:58:30;
280;CTB;967X;天水圍 (天恩邨);Tin Shui Wai (Tin Yan Estate);銅鑼灣 (經天水圍北);Causeway Bay (via Tin Shui Wai North);天水围 (天恩邨);铜锣湾 (经天水围北);2019-11-07T05:00:02+08:00;2019-11-07 09:58:30;
281;CTB;969;天水圍市中心;Tin Shui Wai Town Centre;銅鑼灣 (摩頓台);Causeway Bay (Moreton Terrace);天水围市中心;铜锣湾 (摩顿台);2019-11-07T05:00:02+08:00;2019-11-07 09:58:32;
282;CTB;969A;天水圍市中心;Tin Shui Wai Town Centre;金鐘;Admiralty;天水围市中心;金钟;2019-11-07T05:00:02+08:00;2019-11-07 09:58:35;
283;CTB;969B;天水圍市中心;Tin Shui Wai Town Centre;灣仔;Wan Chai;天水围市中心;湾仔;2019-11-07T05:00:02+08:00;2019-11-07 09:58:37;
284;CTB;969C;鰂魚涌;Quarry Bay;天水圍 (天瑞邨);Tin Shui Wai (Tin Shui Estate);鲗鱼涌;天水围 (天瑞邨);2019-11-07T05:00:02+08:00;2019-11-07 09:58:39;
285;CTB;969P;天水圍市中心;Tin Shui Wai Town Centre;銅鑼灣 (摩頓台);Causeway Bay (Moreton Terrace);天水围市中心;铜锣湾 (摩顿台);2019-11-07T05:00:02+08:00;2019-11-07 09:58:42;
286;CTB;969X;天水圍市中心;Tin Shui Wai Town Centre;銅鑼灣 (經天水圍南);Causeway Bay (via Tin Shui Wai South);天水围市中心;铜锣湾 (经天水围南);2019-11-07T05:00:02+08:00;2019-11-07 09:58:44;
287;CTB;97;利東邨;Lei Tung Estate;中環 (交易廣場);Central (Exchange Square);利东邨;中环 (交易广场);2019-11-07T05:00:02+08:00;2019-11-07 09:58:46;
288;CTB;973;尖沙咀 (麼地道);Tsim Sha Tsui (Mody Road);赤柱市場;Stanley Market;尖沙咀 (么地道);赤柱市场;2019-11-07T05:00:02+08:00;2019-11-07 09:58:48;
289;CTB;97A;鴨脷洲大街;Main Street Ap Lei Chau;深灣;Sham Wan;鸭脷洲大街;深湾;2019-11-07T05:00:02+08:00;2019-11-07 09:58:53;
290;CTB;98;利東邨;Lei Tung Estate;香港仔 (成都道);Aberdeen (Chengtu Road);利东邨;香港仔 (成都道);2019-11-07T05:00:02+08:00;2019-11-07 09:58:55;
291;CTB;981P;馬鞍山 (耀安邨);Ma On Shan (Yiu On Estate);灣仔;Wan Chai;马鞍山 (耀安邨);湾仔;2019-11-07T05:00:02+08:00;2019-11-07 09:58:56;
292;CTB;982X;沙田 (愉翠苑);Sha Tin (Yu Chui Court);灣仔;Wan Chai;沙田 (愉翠苑);湾仔;2019-11-07T05:00:02+08:00;2019-11-07 09:58:59;
293;CTB;99;海怡半島;South Horizons;筲箕灣;Shau Kei Wan;海怡半岛;筲箕湾;2019-11-07T05:00:02+08:00;2019-11-07 09:59:01;
294;CTB;99X;海怡半島;South Horizons;西灣河;Sai Wan Ho;海怡半岛;西湾河;2019-11-07T05:00:02+08:00;2019-11-07 09:59:05;
295;CTB;A10;鴨脷洲 (利樂街);Ap Lei Chau (Lee Lok Street);機場 (地面運輸中心);Airport (Ground Transportation Centre);鸭脷洲 (利乐街);机场 (地面运输中心);2019-11-07T05:00:02+08:00;2019-11-07 09:59:07;
296;CTB;A11;北角碼頭;North Point Ferry Pier;機場 (地面運輸中心);Airport (Ground Transportation Centre);北角码头;机场 (地面运输中心);2019-11-07T05:00:02+08:00;2019-11-07 09:59:11;
297;CTB;A11T;北角碼頭;North Point Ferry Pier;機場 (地面運輸中心);Airport (Ground Transportation Centre);北角码头;机场 (地面运输中心);2019-11-07T05:00:02+08:00;2019-11-07 09:59:14;
298;CTB;A12;小西灣 (藍灣半島);Siu Sai Wan (Island Resort);機場 (地面運輸中心);Airport (Ground Transportation Centre);小西湾 (蓝湾半岛);机场 (地面运输中心);2019-11-07T05:00:02+08:00;2019-11-07 09:59:16;
299;CTB;A20;紅磡站;Hung Hom Station;機場 (地面運輸中心);Airport (Ground Transportation Centre);红磡站;机场 (地面运输中心);2019-11-07T05:00:02+08:00;2019-11-07 09:59:19;
300;CTB;A21;紅磡站;Hung Hom Station;機場 (地面運輸中心);Airport (Ground Transportation Centre);红磡站;机场 (地面运输中心);2019-11-07T05:00:02+08:00;2019-11-07 09:59:22;
301;CTB;A22;藍田站;Lam Tin Station;機場 (地面運輸中心);Airport (Ground Transportation Centre);蓝田站;机场 (地面运输中心);2019-11-07T05:00:02+08:00;2019-11-07 09:59:24;
302;CTB;A26;油塘;Yau Tong;機場 (地面運輸中心);Airport (Ground Transportation Centre);油塘;机场 (地面运输中心);2019-11-07T05:00:02+08:00;2019-11-07 09:59:27;
303;CTB;A29;將軍澳 (寶琳);Tseung Kwan O (Po Lam);機場 (地面運輸中心);Airport (Ground Transportation Centre);将军澳 (宝琳);机场 (地面运输中心);2019-11-07T05:00:02+08:00;2019-11-07 09:59:29;
304;CTB;A29P;將軍澳站;Tseung Kwan O Station;機場 (地面運輸中心);Airport (Ground Transportation Centre);将军澳站;机场 (地面运输中心);2019-11-07T05:00:02+08:00;2019-11-07 09:59:31;
305;CTB;AAA;機場(1號客運大樓);Airport (Terminal One);機場(1號客運大樓);Airport (Terminal One);机场(1号客运大楼);机场(1号客运大楼);2019-11-07T05:00:02+08:00;2019-11-07 09:59:34;
306;CTB;B3;屯門碼頭;Tuen Mun Ferry Pier;深圳灣口岸;Shenzhen Bay Port;屯门码头;深圳湾口岸;2019-11-07T05:00:02+08:00;2019-11-07 09:59:35;
307;CTB;B3A;山景邨;Shan King Estate;深圳灣口岸;Shenzhen Bay Port;山景邨;深圳湾口岸;2019-11-07T05:00:02+08:00;2019-11-07 09:59:36;
308;CTB;B3M;深圳灣口岸;Shenzhen Bay Port;屯門站;Tuen Mun Station;深圳湾口岸;屯门站;2019-11-07T05:00:02+08:00;2019-11-07 09:59:38;
309;CTB;B3X;屯門市中心;Tuen Mun Town Centre;深圳灣口岸;Shenzhen Bay Port;屯门市中心;深圳湾口岸;2019-11-07T05:00:02+08:00;2019-11-07 09:59:40;
310;CTB;B5;港珠澳大橋香港口岸;Hong Kong-Zhuhai-Macao Bridge Hong Kong Port;欣澳站;Sunny Bay Station;港珠澳大桥香港口岸;欣澳站;2019-11-07T05:00:02+08:00;2019-11-07 09:59:41;
311;CTB;E11;天后站;Tin Hau Station;機場博覽館;AsiaWorld-Expo;天后站;机场博览馆;2019-11-07T05:00:02+08:00;2019-11-07 09:59:42;
312;CTB;E11A;天后站;Tin Hau Station;機場博覽館 (經東涌北);AsiaWorld-Expo (via Tung Chung North);天后站;机场博览馆 (经东涌北);2019-11-07T05:00:02+08:00;2019-11-07 09:59:45;
313;CTB;E11S;東涌 (逸東邨);Tung Chung (Yat Tung Estate);天后站;Tin Hau Station;东涌 (逸东邨);天后站;2019-11-07T05:00:02+08:00;2019-11-07 09:59:48;
314;CTB;E21;大角咀 (維港灣);Tai Kok Tsui (Island Harbourview);機場博覽館;AsiaWorld-Expo;大角咀 (维港湾);机场博览馆;2019-11-07T05:00:02+08:00;2019-11-07 09:59:49;
315;CTB;E21A;何文田 (愛民邨);Ho Man Tin (Oi Man Estate);東涌 (逸東邨);Tung Chung (Yat Tung Estate);何文田 (爱民邨);东涌 (逸东邨);2019-11-07T05:00:02+08:00;2019-11-07 09:59:52;
316;CTB;E21C;大角咀 (維港灣);Tai Kok Tsui (Island Harbourview);飛機維修區;Aircraft Maintenance Area;大角咀 (维港湾);飞机维修区;2019-11-07T05:00:02+08:00;2019-11-07 09:59:55;
317;CTB;E21X;東涌 (逸東邨);Tung Chung (Yat Tung Estate);紅磡站;Hung Hom Station;东涌 (逸东邨);红磡站;2019-11-07T05:00:02+08:00;2019-11-07 09:59:58;
318;CTB;E22;藍田 (北);Lam Tin (North);機場博覽館;AsiaWorld-Expo;蓝田 (北);机场博览馆;2019-11-07T05:00:02+08:00;2019-11-07 10:00:00;
319;CTB;E22A;將軍澳 (康盛花園);Tseung Kwan O (Hong Sing Garden);機場博覽館;AsiaWorld-Expo;将军澳 (康盛花园);机场博览馆;2019-11-07T05:00:02+08:00;2019-11-07 10:00:03;
320;CTB;E22C;調景嶺站;Tiu Keng Leng Station;飛機維修區;Aircraft Maintenance Area;调景岭站;飞机维修区;2019-11-07T05:00:02+08:00;2019-11-07 10:00:06;
321;CTB;E22P;油塘;Yau Tong;機場博覽館;AsiaWorld-Expo;油塘;机场博览馆;2019-11-07T05:00:02+08:00;2019-11-07 10:00:09;
322;CTB;E22S;東涌 (逸東邨);Tung Chung (Yat Tung Estate);將軍澳 (寶琳);Tseung Kwan O (Po Lam);东涌 (逸东邨);将军澳 (宝琳);2019-11-07T05:00:02+08:00;2019-11-07 10:00:12;
323;CTB;E22X;油塘;Yau Tong;機場博覽館;AsiaWorld-Expo;油塘;机场博览馆;2019-11-07T05:00:02+08:00;2019-11-07 10:00:14;
324;CTB;E23;慈雲山 (南);Tsz Wan Shan (South);機場 (地面運輸中心);Airport (Ground Transportation Centre);慈云山 (南);机场 (地面运输中心);2019-11-07T05:00:02+08:00;2019-11-07 10:00:18;
325;CTB;E23A;慈雲山 (南);Tsz Wan Shan (South);機場 (經東涌北);Airport (via Tung Chung North);慈云山 (南);机场 (经东涌北);2019-11-07T05:00:02+08:00;2019-11-07 10:00:21;
326;CTB;N11;中環 (港澳碼頭);Central (Macau Ferry);機場 (地面運輸中心);Airport (Ground Transportation Centre);中环 (港澳码头);机场 (地面运输中心);2019-11-07T05:00:02+08:00;2019-11-07 10:00:24;
327;CTB;N118;小西灣 (藍灣半島);Siu Sai Wan (Island Resort);長沙灣 (深旺道);Cheung Sha Wan (Sham Mong Road);小西湾 (蓝湾半岛);长沙湾 (深旺道);2019-11-07T05:00:02+08:00;2019-11-07 10:00:27;
328;CTB;N170;華富 (中);Wah Fu (Central);沙田巿中心;Sha Tin Central;华富 (中);沙田巿中心;2019-11-07T05:00:02+08:00;2019-11-07 10:00:31;
329;CTB;N171;鴨脷洲邨;Ap Lei Chau Estate;荔枝角;Lai Chi Kok;鸭脷洲邨;荔枝角;2019-11-07T05:00:02+08:00;2019-11-07 10:00:34;
330;CTB;N182;中環 (港澳碼頭);Central (Macau Ferry);沙田 (廣源);Sha Tin (Kwong Yuen);中环 (港澳码头);沙田 (广源);2019-11-07T05:00:02+08:00;2019-11-07 10:00:37;
331;CTB;N21;尖沙咀 (天星碼頭);Tsim Sha Tsui (Star Ferry);機場 (地面運輸中心);Airport (Ground Transportation Centre);尖沙咀 (天星码头);机场 (地面运输中心);2019-11-07T05:00:02+08:00;2019-11-07 10:00:41;
332;CTB;N21A;尖沙咀 (天星碼頭);Tsim Sha Tsui (Star Ferry);機場 (經逸東邨);Airport (via Yat Tung Estate);尖沙咀 (天星码头);机场 (经逸东邨);2019-11-07T05:00:02+08:00;2019-11-07 10:00:45;
333;CTB;N23;慈雲山 (北);Tsz Wan Shan (North);東涌站;Tung Chung Station;慈云山 (北);东涌站;2019-11-07T05:00:02+08:00;2019-11-07 10:00:49;
334;CTB;N26;油塘;Yau Tong;東涌站;Tung Chung Station;油塘;东涌站;2019-11-07T05:00:02+08:00;2019-11-07 10:00:53;
335;CTB;N29;將軍澳 (康盛花園);Tseung Kwan O (Hong Sing Garden);東涌站;Tung Chung Station;将军澳 (康盛花园);东涌站;2019-11-07T05:00:02+08:00;2019-11-07 10:00:58;
336;CTB;N307;中環碼頭;Central (Ferry Piers);大埔中心;Tai Po Centre;中环码头;大埔中心;2019-11-07T05:00:02+08:00;2019-11-07 10:01:03;
337;CTB;N619;中環 (港澳碼頭);Central (Macau Ferry);順利邨;Shun Lee Estate;中环 (港澳码头);顺利邨;2019-11-07T05:00:02+08:00;2019-11-07 10:01:03;
338;CTB;N681;中環碼頭;Central (Ferry Piers);馬鞍山市中心;Ma On Shan Town Centre;中环码头;马鞍山市中心;2019-11-07T05:00:02+08:00;2019-11-07 10:01:07;
339;CTB;N6X;中環 (交易廣場);Central (Exchange Square);赤柱市場;Stanley Market;中环 (交易广场);赤柱市场;2019-11-07T05:00:02+08:00;2019-11-07 10:01:08;
340;CTB;N72;華貴邨;Wah Kwai Estate;鰂魚涌 (海澤街);Quarry Bay (Hoi Chak Street);华贵邨;鲗鱼涌 (海泽街);2019-11-07T05:00:02+08:00;2019-11-07 10:01:12;
341;CTB;N8X;小西灣 (藍灣半島);Siu Sai Wan (Island Resort);堅尼地城;Kennedy Town;小西湾 (蓝湾半岛);坚尼地城;2019-11-07T05:00:02+08:00;2019-11-07 10:01:15;
342;CTB;N90;海怡半島;South Horizons;中環 (港澳碼頭);Central (Macau Ferry);海怡半岛;中环 (港澳码头);2019-11-07T05:00:02+08:00;2019-11-07 10:01:19;
343;CTB;N930;荃灣 (愉景新城);Tsuen Wan (Discovery Park);銅鑼灣 (摩頓台);Causeway Bay (Moreton Terrace);荃湾 (愉景新城);铜锣湾 (摩顿台);2019-11-07T05:00:02+08:00;2019-11-07 10:01:22;
344;CTB;N962;屯門 (龍門居);Tuen Mun (Lung Mun Oasis);銅鑼灣 (摩頓台);Causeway Bay (Moreton Terrace);屯门 (龙门居);铜锣湾 (摩顿台);2019-11-07T05:00:02+08:00;2019-11-07 10:01:25;
345;CTB;N969;天水圍市中心;Tin Shui Wai Town Centre;銅鑼灣 (摩頓台);Causeway Bay (Moreton Terrace);天水围市中心;铜锣湾 (摩顿台);2019-11-07T05:00:02+08:00;2019-11-07 10:01:28;
346;CTB;NA10;鴨脷洲 (利樂街);Ap Lei Chau (Lee Lok Street);港珠澳大橋香港口岸;HZMB Hong Kong Port;鸭脷洲 (利乐街);港珠澳大桥香港口岸;2019-11-07T05:00:02+08:00;2019-11-07 10:01:31;
347;CTB;NA11;北角碼頭;North Point Ferry Pier;港珠澳大橋香港口岸;HZMB Hong Kong Port;北角码头;港珠澳大桥香港口岸;2019-11-07T05:00:02+08:00;2019-11-07 10:01:32;
348;CTB;NA12;杏花邨;Heng Fa Chuen;港珠澳大橋香港口岸;HZMB Hong Kong Port;杏花邨;港珠澳大桥香港口岸;2019-11-07T05:00:02+08:00;2019-11-07 10:01:35;
349;CTB;NA20;黃埔花園;Whampoa Garden;港珠澳大橋香港口岸;HZMB Hong Kong Port;黄埔花园;港珠澳大桥香港口岸;2019-11-07T05:00:02+08:00;2019-11-07 10:01:37;
350;CTB;NA21;港珠澳大橋香港口岸;HZMB Hong Kong Port;大角咀 (海輝道);Tai Kok Tsui (Hoi Fai Road);港珠澳大桥香港口岸;大角咀 (海辉道);2019-11-07T05:00:02+08:00;2019-11-07 10:01:40;
351;CTB;NA29;將軍澳 (寶琳);Tseung Kwan O (Po Lam);港珠澳大橋香港口岸;HZMB Hong Kong Port;将军澳 (宝琳);港珠澳大桥香港口岸;2019-11-07T05:00:02+08:00;2019-11-07 10:01:42;
352;CTB;R11;迪士尼樂園;Disneyland;北角碼頭;North Point Ferry Pier;迪士尼乐园;北角码头;2019-11-07T05:00:02+08:00;2019-11-07 10:01:44;
353;CTB;R22;迪士尼樂園;Disneyland;油塘;Yau Tong;迪士尼乐园;油塘;2019-11-07T05:00:02+08:00;2019-11-07 10:01:45;
354;CTB;R307;大埔 (汀太路);Tai Po (Ting Tai Road);銅鑼灣 (維多利亞公園);Causeway Bay (Victoria Park);大埔 (汀太路);铜锣湾 (维多利亚公园);2019-11-07T05:00:02+08:00;2019-11-07 10:01:46;
355;CTB;R678;上水;Sheung Shui;銅鑼灣 (維多利亞公園);Causeway Bay (Victoria Park);上水;铜锣湾 (维多利亚公园);2019-11-07T05:00:02+08:00;2019-11-07 10:01:47;
356;CTB;R8;迪士尼樂園;Disneyland;青嶼幹線繳費廣場;Lantau Link Toll Plaza;迪士尼乐园;青屿干线缴费广场;2019-11-07T05:00:02+08:00;2019-11-07 10:01:48;
357;CTB;R930;荃灣 (愉景新城);Tsuen Wan (Discovery Park);銅鑼灣 (維多利亞公園);Causeway Bay (Victoria Park);荃湾 (愉景新城);铜锣湾 (维多利亚公园);2019-11-07T05:00:02+08:00;2019-11-07 10:01:49;
358;CTB;R962;屯門 (龍門居);Tuen Mun (Lung Mun Oasis);銅鑼灣 (摩頓台);Causeway Bay (Moreton Terrace);屯门 (龙门居);铜锣湾 (摩顿台);2019-11-07T05:00:02+08:00;2019-11-07 10:01:50;
359;CTB;R969;天水圍市中心;Tin Shui Wai Town Centre;銅鑼灣 (摩頓台);Causeway Bay (Moreton Terrace);天水围市中心;铜锣湾 (摩顿台);2019-11-07T05:00:02+08:00;2019-11-07 10:01:51;
360;CTB;S1;東涌站;Tung Chung Station;機場 (一號及二號客運大樓／博覽館);Airport (Passenger Terminal 1 and 2 / AsiaWor;东涌站;机场 (一号及二号客运大楼／博览馆);2019-11-07T05:00:02+08:00;2019-11-07 10:01:52;
361;CTB;S52;東涌 (逸東邨);Tung Chung (Yat Tung Estate);飛機維修區;Aircraft Maintenance Area;东涌 (逸东邨);飞机维修区;2019-11-07T05:00:02+08:00;2019-11-07 10:01:53;
362;CTB;S52A;東涌北;Tung Chung North;飛機維修區;Aircraft Maintenance Area;东涌北;飞机维修区;2019-11-07T05:00:02+08:00;2019-11-07 10:01:55;
363;CTB;S52P;東涌 (逸東邨);Tung Chung (Yat Tung Estate);駿坪路 (亞洲空運中心);Chun Ping Road (Asia Airfreight Terminal);东涌 (逸东邨);骏坪路 (亚洲空运中心);2019-11-07T05:00:02+08:00;2019-11-07 10:01:57;
364;CTB;S56;東涌站;Tung Chung Station;機場 (一號及二號客運大樓);Airport (Passenger Terminal 1 and 2);东涌站;机场 (一号及二号客运大楼);2019-11-07T05:00:02+08:00;2019-11-07 10:01:59;
365;CTB;W1;金鐘(西);Admiralty (West);高鐵西九龍站;High Speed Rail West Kowloon Station;金钟(西);高铁西九龙站;2019-11-07T05:00:02+08:00;2019-11-07 10:02:00;
366;CTB;X1;東涌站;Tung Chung Station;機場博覽館;AsiaWorld-Expo;东涌站;机场博览馆;2019-11-07T05:00:02+08:00;2019-11-07 10:02:02;
367;CTB;X962;中環 (香港站);Central (Hong Kong Station);屯門 (龍門居);Tuen Mun (Lung Mun Oasis);中环 (香港站);屯门 (龙门居);2019-11-07T05:00:02+08:00;2019-11-07 10:02:03;
